Phase_Number,State,Constituency,Total_Electorate_Count,Poll_Percent,Total_Votes_Polled
1,"Andaman & Nicobar
Islands","Andaman & Nicobar
Islands",315148.0,64.1,202018.0
1,Arunachal Pradesh,Arunachal East,375310.0,83.31,312658.0
1,Arunachal Pradesh,Arunachal West,517384.0,73.6,380783.0
1,Assam,Dibrugarh,1659588.0,76.75,1273744.0
1,Assam,Jorhat,1727121.0,79.89,1379749.0
1,Assam,Kaziranga,2050126.0,79.33,1626408.0
1,Assam,Lakhimpur,1577234.0,76.42,1205331.0
1,Assam,Sonitpur,1633800.0,78.46,1281959.0
1,Bihar,Aurangabad,1871564.0,50.35,942382.0
1,Bihar,Gaya,1816815.0,52.76,958623.0
1,Bihar,Jamui,1907126.0,51.25,977369.0
1,Bihar,Nawada,2006124.0,43.17,866102.0
1,Chhattisgarh,BASTAR,1472207.0,68.29,1005392.0
1,Jammu and Kashmir,UDHAMPUR,1623195.0,68.27,1108206.0
1,Lakshadweep,Lakshadweep,57784.0,84.16,48630.0
1,Madhya Pradesh,BALAGHAT,1873653.0,73.45,1376207.0
1,Madhya Pradesh,CHHINDWARA,1632190.0,79.83,1303001.0
1,Madhya Pradesh,JABALPUR,1896346.0,61.0,1156722.0
1,Madhya Pradesh,MANDLA,2101811.0,72.84,1530861.0
1,Madhya Pradesh,SHAHDOL,1777185.0,64.68,1149506.0
1,Madhya Pradesh,SIDHI,2028451.0,56.5,1146150.0
1,Maharashtra,Bhandara Gondiya,1827188.0,67.04,1224928.0
1,Maharashtra,Chandrapur,1837906.0,67.55,1241574.0
1,Maharashtra,Gadchiroli - Chimur,1617207.0,71.88,1162476.0
1,Maharashtra,Nagpur,2223281.0,54.32,1207738.0
1,Maharashtra,Ramtek,2049085.0,61.01,1250190.0
1,Manipur,Inner Manipur,991574.0,80.15,794790.0
1,Manipur,Outer Manipur,553078.0,68.83,380688.0
1,Meghalaya,Shillong,1400411.0,73.78,1033251.0
1,Meghalaya,Tura,826156.0,81.37,672284.0
1,Mizoram,MIZORAM,856364.0,56.87,487013.0
1,Nagaland,Nagaland,1317536.0,57.72,760507.0
1,Puducherry,PUDUCHERRY,1023699.0,78.9,807724.0
1,Rajasthan,ALWAR,2059888.0,60.07,1237446.0
1,Rajasthan,BHARATPUR,2114916.0,52.8,1116742.0
1,Rajasthan,BIKANER,2048399.0,54.11,1108418.0
1,Rajasthan,CHURU,2213187.0,63.61,1407716.0
1,Rajasthan,DAUSA,1899304.0,55.72,1058386.0
1,Rajasthan,GANGANAGAR,2102002.0,66.59,1399688.0
1,Rajasthan,JAIPUR,2287350.0,63.38,1449612.0
1,Rajasthan,JAIPUR RURAL,2184978.0,56.7,1238818.0
1,Rajasthan,JHUNJHUNU,2068540.0,52.93,1094900.0
1,Rajasthan,KARAULI-DHOLPUR,1975352.0,49.59,979618.0
1,Rajasthan,NAGAUR,2146725.0,57.23,1228494.0
1,Rajasthan,SIKAR,2214900.0,57.53,1274270.0
1,Sikkim,Sikkim,464140.0,79.88,370765.0
1,Tamil Nadu,ARAKKONAM,1562871.0,74.19,1159441.0
1,Tamil Nadu,ARANI,1496118.0,75.76,1133520.0
1,Tamil Nadu,CHENNAI CENTRAL,1350161.0,53.96,728614.0
1,Tamil Nadu,CHENNAI NORTH,1496224.0,60.11,899367.0
1,Tamil Nadu,CHENNAI SOUTH,2023133.0,54.17,1096026.0
1,Tamil Nadu,CHIDAMBARAM,1519847.0,76.37,1160762.0
1,Tamil Nadu,COIMBATORE,2106124.0,64.89,1366597.0
1,Tamil Nadu,CUDDALORE,1412746.0,72.57,1025298.0
1,Tamil Nadu,DHARMAPURI,1524896.0,81.2,1238184.0
1,Tamil Nadu,DINDIGUL,1607051.0,71.14,1143196.0
1,Tamil Nadu,ERODE,1538778.0,70.59,1086287.0
1,Tamil Nadu,KALLAKURICHI,1568681.0,79.21,1242597.0
1,Tamil Nadu,KANCHEEPURAM,1748866.0,71.68,1253582.0
1,Tamil Nadu,KANNIYAKUMARI,1557915.0,65.44,1019532.0
1,Tamil Nadu,KARUR,1429790.0,78.7,1125241.0
1,Tamil Nadu,KRISHNAGIRI,1623179.0,71.5,1160498.0
1,Tamil Nadu,MADURAI,1582271.0,62.04,981650.0
1,Tamil Nadu,MAYILADUTHURAI,1545568.0,70.09,1083243.0
1,Tamil Nadu,NAGAPATTINAM,1345120.0,71.94,967694.0
1,Tamil Nadu,NAMAKKAL,1452562.0,78.21,1136069.0
1,Tamil Nadu,NILGIRIS,1428387.0,70.95,1013410.0
1,Tamil Nadu,PERAMBALUR,1446352.0,77.43,1119881.0
1,Tamil Nadu,POLLACHI,1597467.0,70.41,1124743.0
1,Tamil Nadu,RAMANATHAPURAM,1617688.0,68.19,1103036.0
1,Tamil Nadu,SALEM,1658681.0,78.16,1296481.0
1,Tamil Nadu,SIVAGANGA,1633857.0,64.26,1049887.0
1,Tamil Nadu,SRIPERUMBUDUR,2382119.0,60.25,1435243.0
1,Tamil Nadu,TENKASI,1525439.0,67.65,1031961.0
1,Tamil Nadu,THANJAVUR,1501226.0,68.27,1024949.0
1,Tamil Nadu,THENI,1622949.0,69.84,1133513.0
1,Tamil Nadu,THOOTHUKKUDI,1458430.0,66.88,975468.0
1,Tamil Nadu,TIRUCHIRAPPALLI,1553985.0,67.51,1049093.0
1,Tamil Nadu,TIRUNELVELI,1654503.0,64.1,1060461.0
1,Tamil Nadu,TIRUPPUR,1608521.0,70.62,1135998.0
1,Tamil Nadu,TIRUVALLUR,2085991.0,68.59,1430738.0
1,Tamil Nadu,TIRUVANNAMALAI,1533099.0,74.24,1138102.0
1,Tamil Nadu,VELLORE,1528273.0,73.53,1123715.0
1,Tamil Nadu,VILUPPURAM,1503115.0,76.52,1150164.0
1,Tamil Nadu,VIRUDHUNAGAR,1501942.0,70.22,1054634.0
1,Tripura,Tripura West,1463526.0,81.48,1192435.0
1,Uttar Pradesh,Bijnor,1738307.0,58.73,1020947.0
1,Uttar Pradesh,Kairana,1722432.0,62.46,1075839.0
1,Uttar Pradesh,Moradabad,2059578.0,62.18,1280706.0
1,Uttar Pradesh,Muzaffarnagar,1817472.0,59.13,1074608.0
1,Uttar Pradesh,Nagina,1644909.0,60.75,999203.0
1,Uttar Pradesh,Pilibhit,1831699.0,63.11,1155917.0
1,Uttar Pradesh,Rampur,1731836.0,55.85,967200.0
1,Uttar Pradesh,Saharanpur,1855310.0,66.14,1227083.0
1,Uttarakhand,Almora,1339327.0,48.74,652726.0
1,Uttarakhand,Garhwal,1369388.0,52.42,717834.0
1,Uttarakhand,Haridwar,2035726.0,63.53,1293362.0
1,Uttarakhand,"Nainital-Udhamsingh
Nagar",2015809.0,62.47,1259180.0
1,Uttarakhand,Tehri Garhwal,1577664.0,53.76,848186.0
1,West Bengal,Alipurduars,1773252.0,79.76,1414258.0
1,West Bengal,Coochbehar,1966893.0,82.16,1616079.0
1,West Bengal,Jalpaiguri,1885963.0,83.66,1577828.0
1,,,,,
2,Assam,Darrang-Udalguri,2209314.0,82.01,1811764.0
2,Assam,Diphu,901032.0,75.74,682441.0
2,Assam,Karimganj,1412148.0,80.48,1136538.0
2,Assam,Nagaon,1817204.0,84.97,1544081.0
2,Assam,Silchar,1369578.0,79.05,1082616.0
2,Bihar,Banka,1856566.0,54.48,1011513.0
2,Bihar,Bhagalpur,1983031.0,53.5,1060982.0
2,Bihar,Katihar,1833009.0,63.76,1168752.0
2,Bihar,Kishanganj,1829994.0,62.84,1149988.0
2,Bihar,Purnia,1893698.0,63.08,1194484.0
2,Chhattisgarh,KANKER,1654440.0,76.23,1261103.0
2,Chhattisgarh,MAHASAMUND,1762477.0,75.02,1322125.0
2,Chhattisgarh,RAJNANDGAON,1868021.0,77.42,1446247.0
2,"Jammu and
Kashmir",JAMMU,1780835.0,72.22,1286144.0
2,Karnataka,Bangalore central,2433751.0,54.06,1315612.0
2,Karnataka,Bangalore North,3214496.0,54.45,1750372.0
2,Karnataka,Bangalore Rural,2802580.0,68.3,1914030.0
2,Karnataka,Bangalore South,2341759.0,53.17,1245168.0
2,Karnataka,Chamarajanagar,1778310.0,76.82,1366015.0
2,Karnataka,Chikkballapur,1981347.0,77.0,1525718.0
2,Karnataka,Chitradurga,1856876.0,73.3,1361031.0
2,Karnataka,Dakshina Kannada,1817603.0,77.56,1409653.0
2,Karnataka,Hassan,1736610.0,77.68,1348966.0
2,Karnataka,Kolar,1726914.0,78.27,1351646.0
2,Karnataka,Mandya,1779243.0,81.67,1453060.0
2,Karnataka,Mysore,2092222.0,70.62,1477576.0
2,Karnataka,Tumkur,1661309.0,78.05,1296720.0
2,Karnataka,Udupi Chikmagalur,1585162.0,77.15,1222888.0
2,Kerala,Alappuzha,1400082.0,75.05,1050726.0
2,Kerala,Alathur,1337496.0,73.42,981945.0
2,Kerala,Attingal,1396807.0,69.48,970517.0
2,Kerala,Chalakudy,1310529.0,71.94,942787.0
2,Kerala,Ernakulam,1324047.0,68.29,904131.0
2,Kerala,Idukki,1250157.0,66.55,831936.0
2,Kerala,Kannur,1358368.0,77.21,1048839.0
2,Kerala,Kasaragod,1452230.0,76.04,1104331.0
2,Kerala,Kollam,1326648.0,68.15,904047.0
2,Kerala,Kottayam,1254823.0,65.61,823237.0
2,Kerala,Kozhikode,1429631.0,75.52,1079683.0
2,Kerala,Malappuram,1479921.0,72.95,1079547.0
2,Kerala,Mavelikkara,1331880.0,65.95,878360.0
2,Kerala,Palakkad,1398143.0,73.57,1028627.0
2,Kerala,Pathanamthitta,1429700.0,63.37,906051.0
2,Kerala,Ponnani,1470804.0,69.34,1019889.0
2,Kerala,Thiruvananthapuram,1430531.0,66.47,950829.0
2,Kerala,Thrissur,1483055.0,72.9,1081125.0
2,Kerala,Vadakara,1421883.0,78.41,1114950.0
2,Kerala,Wayanad,1462423.0,73.57,1075921.0
2,Madhya Pradesh,DAMOH,1925314.0,56.48,1087455.0
2,Madhya Pradesh,HOSHANGABAD,1855692.0,67.21,1247298.0
2,Madhya Pradesh,KHAJURAHO,1997483.0,56.97,1137867.0
2,Madhya Pradesh,REWA,1852126.0,49.43,915444.0
2,Madhya Pradesh,SATNA,1705260.0,61.94,1056175.0
2,Madhya Pradesh,TIKAMGARH,1826585.0,60.0,1096023.0
2,Maharashtra,Akola,1890814.0,61.79,1168366.0
2,Maharashtra,Amravati,1836078.0,63.67,1169121.0
2,Maharashtra,Buldhana,1782700.0,62.03,1105761.0
2,Maharashtra,Hingoli,1817734.0,63.54,1154958.0
2,Maharashtra,Nanded,1851843.0,60.94,1128564.0
2,Maharashtra,Parbhani,2123056.0,62.26,1321868.0
2,Maharashtra,Wardha,1682771.0,64.85,1091351.0
2,Maharashtra,Yavatmal- Washim,1940916.0,62.87,1220189.0
2,Rajasthan,AJMER,1995699.0,59.66,1190561.0
2,Rajasthan,BANSWARA,2200438.0,73.88,1625731.0
2,Rajasthan,BARMER,2206237.0,75.93,1675276.0
2,Rajasthan,BHILWARA,2147159.0,60.37,1296228.0
2,Rajasthan,CHITTORGARH,2170167.0,68.61,1488898.0
2,Rajasthan,JALORE,2297328.0,62.89,1444866.0
2,Rajasthan,JHALAWAR-BARAN,2030525.0,69.71,1415420.0
2,Rajasthan,JODHPUR,2132713.0,64.27,1370616.0
2,Rajasthan,KOTA,2088023.0,71.26,1487879.0
2,Rajasthan,PALI,2343232.0,57.19,1339989.0
2,Rajasthan,RAJSAMAND,2060942.0,58.39,1203299.0
2,Rajasthan,TONK-SAWAI MADHOPUR,2148128.0,56.58,1215309.0
2,Rajasthan,UDAIPUR,2230971.0,66.66,1487268.0
2,Tripura,Tripura East,1396761.0,80.36,1122424.0
2,Uttar Pradesh,Aligarh,1997234.0,56.93,1137051.0
2,Uttar Pradesh,Amroha,1716641.0,64.58,1108579.0
2,Uttar Pradesh,Baghpat,1653146.0,56.16,928392.0
2,Uttar Pradesh,Bulandshahr,1859462.0,56.42,1049189.0
2,Uttar Pradesh,"Gautam Buddha
Nagar",2675148.0,53.63,1434667.0
2,Uttar Pradesh,Ghaziabad,2945487.0,49.88,1469260.0
2,Uttar Pradesh,Mathura,1929550.0,49.41,953388.0
2,Uttar Pradesh,Meerut,2000530.0,58.94,1179121.0
2,West Bengal,Balurghat,1561966.0,79.09,1235347.0
2,West Bengal,Darjeeling,1765744.0,74.76,1320072.0
2,West Bengal,Raiganj,1790245.0,76.18,1363854.0
3,Assam,Barpeta,1966847.0,85.24,1676633.0
3,Assam,Dhubri,2660827.0,92.08,2450041.0
3,Assam,Guwahati,2036846.0,78.39,1596664.0
3,Assam,Kokrajhar,1484571.0,83.55,1240306.0
3,Bihar,Araria,2018767.0,61.93,1250261.0
3,Bihar,Jhanjharpur,2003040.0,54.48,1091258.0
3,Bihar,Khagaria,1840217.0,57.52,1058539.0
3,Bihar,Madhepura,2071166.0,58.29,1207368.0
3,Bihar,Supaul,1927207.0,63.55,1224821.0
3,Chhattisgarh,BILASPUR,2102687.0,64.77,1361871.0
3,Chhattisgarh,DURG,2090414.0,73.68,1540193.0
3,Chhattisgarh,JANJGIR-CHAMPA,2056047.0,67.56,1389012.0
3,Chhattisgarh,KORBA,1618864.0,75.63,1224268.0
3,Chhattisgarh,RAIGARH,1838547.0,78.85,1449673.0
3,Chhattisgarh,RAIPUR,2375379.0,66.82,1587116.0
3,Chhattisgarh,SURGUJA,1819347.0,79.89,1453444.0
3,"Dadra & Nagar Haveli and
Daman & Diu","Dadar & Nagar
Haveli",283024.0,72.52,205248.0
3,"Dadra & Nagar Haveli and
Daman & Diu",Daman & Diu,134189.0,68.77,92279.0
3,Goa,North Goa,580577.0,77.69,451042.0
3,Goa,South Goa,598767.0,74.47,445916.0
3,Gujarat,Ahmedabad East,2038162.0,54.72,1115317.0
3,Gujarat,Ahmedabad West,1726987.0,55.45,957573.0
3,Gujarat,Amreli,1732810.0,50.29,871373.0
3,Gujarat,Anand,1780182.0,65.04,1157763.0
3,Gujarat,Banaskantha,1961924.0,69.62,1365989.0
3,Gujarat,Bardoli,2048408.0,64.81,1327669.0
3,Gujarat,Bharuch,1723353.0,69.16,1191877.0
3,Gujarat,Bhavnagar,1916900.0,53.92,1033629.0
3,Gujarat,Chhota Udaipur,1821708.0,69.15,1259760.0
3,Gujarat,Dahod,1875136.0,59.31,1112211.0
3,Gujarat,Gandhinagar,2182736.0,59.8,1305197.0
3,Gujarat,Jamnagar,1817864.0,57.67,1048410.0
3,Gujarat,Junagadh,1795110.0,58.91,1057462.0
3,Gujarat,Kachchh,1943136.0,56.14,1090878.0
3,Gujarat,Kheda,2007404.0,58.12,1166619.0
3,Gujarat,Mahesana,1770617.0,59.86,1059938.0
3,Gujarat,Navsari,2223550.0,59.66,1326542.0
3,Gujarat,Panchmahal,1896743.0,58.85,1116171.0
3,Gujarat,Patan,2019916.0,58.56,1182950.0
3,Gujarat,Porbandar,1768212.0,51.83,916519.0
3,Gujarat,Rajkot,2112273.0,59.69,1260768.0
3,Gujarat,Sabarkantha,1976349.0,63.56,1256210.0
3,Gujarat,Surendranagar,2033419.0,55.09,1120128.0
3,Gujarat,Vadodara,1949573.0,61.59,1200768.0
3,Gujarat,Valsad,1859974.0,72.71,1352413.0
3,Karnataka,Bagalkot,1806183.0,72.66,1312319.0
3,Karnataka,Belgaum,1923788.0,71.49,1375283.0
3,Karnataka,Bellary,1884040.0,73.59,1386553.0
3,Karnataka,Bidar,1892962.0,65.47,1239358.0
3,Karnataka,Bijapur,1946090.0,66.32,1290719.0
3,Karnataka,Chikkodi,1761694.0,78.66,1385688.0
3,Karnataka,Davanagere,1709244.0,76.99,1315916.0
3,Karnataka,Dharwad,1831975.0,74.37,1362421.0
3,Karnataka,Gulbarga,2098202.0,62.25,1306119.0
3,Karnataka,Haveri,1792774.0,77.6,1391214.0
3,Karnataka,Koppal,1866397.0,70.99,1324898.0
3,Karnataka,Raichur,2010103.0,64.66,1299806.0
3,Karnataka,Shimoga,1752885.0,78.33,1372949.0
3,Karnataka,Uttara Kannada,1641156.0,76.53,1256027.0
3,Madhya Pradesh,BETUL,1895331.0,73.53,1393608.0
3,Madhya Pradesh,BHIND,1900654.0,54.93,1044022.0
3,Madhya Pradesh,BHOPAL,2339411.0,64.06,1498626.0
3,Madhya Pradesh,GUNA,1889551.0,72.43,1368554.0
3,Madhya Pradesh,GWALIOR,2154601.0,62.13,1338708.0
3,Madhya Pradesh,MORENA,2006730.0,58.97,1183282.0
3,Madhya Pradesh,RAJGARH,1875211.0,76.04,1425911.0
3,Madhya Pradesh,SAGAR,1745690.0,65.75,1147866.0
3,Madhya Pradesh,VIDISHA,1945404.0,74.48,1449010.0
3,Maharashtra,Baramati,2372668.0,59.5,1411621.0
3,Maharashtra,Hatkanangale,1814277.0,71.11,1290073.0
3,Maharashtra,Kolhapur,1936403.0,71.59,1386230.0
3,Maharashtra,Latur,1977042.0,62.59,1237355.0
3,Maharashtra,Madha,1991454.0,63.65,1267530.0
3,Maharashtra,Osmanabad,1992737.0,63.88,1272969.0
3,Maharashtra,Raigad,1668372.0,60.51,1009567.0
3,Maharashtra,Ratnagiri- Sindhudurg,1451630.0,62.52,907618.0
3,Maharashtra,Sangli,1868174.0,62.27,1163353.0
3,Maharashtra,Satara,1889740.0,63.16,1193492.0
3,Maharashtra,Solapur,2030119.0,59.19,1201586.0
3,Uttar Pradesh,Agra,2072685.0,54.08,1120864.0
3,Uttar Pradesh,Aonla,1891713.0,57.44,1086687.0
3,Uttar Pradesh,Badaun,2008758.0,54.35,1091697.0
3,Uttar Pradesh,Bareilly,1924434.0,58.03,1116749.0
3,Uttar Pradesh,Etah,1700524.0,59.31,1008533.0
3,Uttar Pradesh,Fatehpur Sikri,1798823.0,57.19,1028791.0
3,Uttar Pradesh,Firozabad,1890772.0,58.53,1106747.0
3,Uttar Pradesh,Hathras,1938080.0,55.71,1079731.0
3,Uttar Pradesh,Mainpuri,1790797.0,58.73,1051758.0
3,Uttar Pradesh,Sambhal,1898202.0,62.91,1194209.0
3,West Bengal,Jangipur,1805360.0,75.72,1367014.0
3,West Bengal,Maldaha Dakshin,1782159.0,76.69,1366728.0
3,West Bengal,Maldaha Uttar,1862035.0,76.03,1415718.0
3,West Bengal,Murshidabad,1888097.0,81.52,1539112.0
4,Andhra Pradesh,Amalapuram (SC),1531410.0,83.85,1284018.0
4,Andhra Pradesh,Anakapalle,1596916.0,82.03,1309977.0
4,Andhra Pradesh,Ananthapur,1767591.0,80.51,1423108.0
4,Andhra Pradesh,Araku (ST),1554633.0,73.68,1145426.0
4,Andhra Pradesh,Bapatla (SC),1506354.0,85.48,1287704.0
4,Andhra Pradesh,Chittoor(SC),1640202.0,85.77,1406880.0
4,Andhra Pradesh,Eluru,1637430.0,83.68,1370153.0
4,Andhra Pradesh,Guntur,1791543.0,78.81,1411989.0
4,Andhra Pradesh,Hindupur,1656775.0,84.7,1403259.0
4,Andhra Pradesh,Kadapa,1639066.0,79.57,1304256.0
4,Andhra Pradesh,Kakinada,1634122.0,80.3,1312255.0
4,Andhra Pradesh,Kurnoolu,1722857.0,76.8,1323071.0
4,Andhra Pradesh,Machilipatnam,1539460.0,84.05,1293935.0
4,Andhra Pradesh,Nandyal,1721013.0,80.61,1387367.0
4,Andhra Pradesh,Narsapuram,1472923.0,82.59,1216550.0
4,Andhra Pradesh,Narsaraopet,1734858.0,85.65,1485909.0
4,Andhra Pradesh,Nellore,1712274.0,79.05,1353563.0
4,Andhra Pradesh,Ongole,1607832.0,87.06,1399707.0
4,Andhra Pradesh,Rajahmundry,1623149.0,80.93,1313630.0
4,Andhra Pradesh,Rajampet,1665702.0,79.09,1317448.0
4,Andhra Pradesh,Srikakulam,1631174.0,74.43,1214128.0
4,Andhra Pradesh,Thirupathi(SC),1729832.0,79.1,1368362.0
4,Andhra Pradesh,Vijayawada,1704077.0,79.37,1352495.0
4,Andhra Pradesh,Visakhapatnam,1927303.0,71.11,1370484.0
4,Andhra Pradesh,Vizianagaram,1585206.0,81.05,1284886.0
4,Bihar,Begusarai,2196089.0,58.7,1289076.0
4,Bihar,Darbhanga,1781356.0,57.37,1021962.0
4,Bihar,Munger,2042279.0,55.55,1134548.0
4,Bihar,Samastipur,1818530.0,60.11,1093182.0
4,Bihar,Ujiarpur,1745408.0,59.59,1040026.0
4,Jammu and Kashmir,SRINAGAR,1747810.0,38.49,672653.0
4,Jharkhand,Khunti,1326138.0,69.93,927422.0
4,Jharkhand,Lohardaga,1441302.0,66.45,957690.0
4,Jharkhand,Palamau,2243034.0,61.27,1374358.0
4,Jharkhand,Singhbhum,1447562.0,69.32,1003482.0
4,Madhya Pradesh,DEWAS,1940472.0,75.48,1464690.0
4,Madhya Pradesh,DHAR,1953834.0,72.76,1421585.0
4,Madhya Pradesh,INDORE,2526803.0,61.67,1558341.0
4,Madhya Pradesh,KHANDWA,2112203.0,71.52,1510588.0
4,Madhya Pradesh,KHARGONE,2046030.0,76.03,1555585.0
4,Madhya Pradesh,MANDSOUR,1898060.0,75.27,1428623.0
4,Madhya Pradesh,RATLAM,2094548.0,72.94,1527828.0
4,Madhya Pradesh,UJJAIN,1798704.0,73.82,1327715.0
4,Maharashtra,Ahmednagar,1981866.0,66.61,1320168.0
4,Maharashtra,Aurangabad,2059710.0,63.03,1298227.0
4,Maharashtra,Beed,2142547.0,70.92,1519526.0
4,Maharashtra,Jalgaon,1994046.0,58.47,1165968.0
4,Maharashtra,Jalna,1967574.0,69.18,1361226.0
4,Maharashtra,Maval,2585018.0,54.87,1418439.0
4,Maharashtra,Nandurbar,1970327.0,70.68,1392635.0
4,Maharashtra,Pune,2061276.0,53.54,1103678.0
4,Maharashtra,Raver,1821750.0,64.28,1170944.0
4,Maharashtra,Shirdi,1677335.0,63.03,1057298.0
4,Maharashtra,Shirur,2539702.0,54.16,1375593.0
4,Odisha,Berhampur,1591380.0,65.41,1040924.0
4,Odisha,Kalahandi,1700780.0,77.9,1324936.0
4,Odisha,Koraput,1480922.0,77.53,1148182.0
4,Odisha,Nabarangpur,1514140.0,82.16,1243957.0
4,Telangana,Adilabad,1650175.0,74.03,1221553.0
4,Telangana,Bhongir,1808585.0,76.78,1388680.0
4,Telangana,Chevella,2938370.0,56.4,1657107.0
4,Telangana,Hyderabad,2217094.0,48.48,1074827.0
4,Telangana,Karimnagar,1797150.0,72.54,1303690.0
4,Telangana,Khammam,1631039.0,76.09,1241135.0
4,Telangana,Mahabubabad,1532366.0,71.85,1101030.0
4,Telangana,Mahbubnagar,1682470.0,72.43,1218587.0
4,Telangana,Malkajgiri,3779596.0,50.78,1919131.0
4,Telangana,Medak,1828210.0,75.09,1372894.0
4,Telangana,Nagarkurnool,1738254.0,69.46,1207470.0
4,Telangana,Nalgonda,1725465.0,74.02,1277137.0
4,Telangana,Nizamabad,1704867.0,71.92,1226133.0
4,Telangana,Peddapalle,1596430.0,67.87,1083467.0
4,Telangana,Secunderabad,2120401.0,49.04,1039834.0
4,Telangana,Warangal,1824466.0,68.86,1256301.0
4,Telangana,Zahirabad,1641410.0,74.63,1225049.0
4,Uttar Pradesh,Akbarpur,1869167.0,57.78,1079978.0
4,Uttar Pradesh,Baharaich,1838684.0,57.42,1055818.0
4,Uttar Pradesh,Dhaurahra,1719345.0,64.54,1109680.0
4,Uttar Pradesh,Etawah,1828498.0,56.36,1030554.0
4,Uttar Pradesh,Farrukhabad,1747182.0,59.08,1032244.0
4,Uttar Pradesh,Hardoi,1910485.0,57.52,1098820.0
4,Uttar Pradesh,Kannauj,1988925.0,61.08,1214886.0
4,Uttar Pradesh,Kanpur,1662859.0,53.05,882074.0
4,Uttar Pradesh,Kheri,1870170.0,64.68,1209621.0
4,Uttar Pradesh,Misrikh,1878195.0,55.89,1049630.0
4,Uttar Pradesh,Shahjahanpur,2331834.0,53.36,1244364.0
4,Uttar Pradesh,Sitapur,1759943.0,62.54,1100741.0
4,Uttar Pradesh,Unnao,2341740.0,55.46,1298677.0
4,West Bengal,Asansol,1770281.0,73.27,1297096.0
4,West Bengal,Baharampur,1783078.0,77.54,1382678.0
4,West Bengal,Bardhaman Purba,1801333.0,82.85,1492453.0
4,West Bengal,Bardhaman-Durgapur,1851780.0,80.72,1494778.0
4,West Bengal,Birbhum,1857022.0,81.91,1521023.0
4,West Bengal,Bolpur,1839234.0,82.66,1520401.0
4,West Bengal,Krishnanagar,1755631.0,80.65,1415859.0
4,West Bengal,Ranaghat,1871658.0,81.87,1532304.0
5,Bihar,Hajipur,1967094.0,58.43,1149406.0
5,Bihar,Madhubani,1934980.0,53.04,1026408.0
5,Bihar,Muzaffarpur,1866106.0,59.47,1109688.0
5,Bihar,Saran,1795010.0,56.73,1018366.0
5,Bihar,Sitamarhi,1947996.0,56.21,1094885.0
5,"Jammu and
Kashmir",BARAMULLA,1737865.0,59.1,1027084.0
5,Jharkhand,Chatra,1689926.0,63.69,1076352.0
5,Jharkhand,Hazaribagh,1939374.0,64.39,1248798.0
5,Jharkhand,Kodarma,2205318.0,61.81,1363010.0
5,Ladakh,Ladakh,184808.0,71.82,132727.0
5,Maharashtra,Bhiwandi,2087244.0,59.89,1250090.0
5,Maharashtra,Dhule,2022061.0,60.21,1217523.0
5,Maharashtra,Dindori,1853387.0,66.75,1237180.0
5,Maharashtra,Kalyan,2082221.0,50.12,1043610.0
5,Maharashtra,Mumbai North,1811942.0,57.02,1033241.0
5,Maharashtra,Mumbai North Central,1744128.0,51.98,906530.0
5,Maharashtra,Mumbai North East,1636890.0,56.37,922760.0
5,Maharashtra,Mumbai North West,1735088.0,54.84,951580.0
5,Maharashtra,Mumbai South,1536168.0,50.06,769010.0
5,Maharashtra,Mumbai South Central,1474405.0,53.6,790339.0
5,Maharashtra,Nashik,2030124.0,60.75,1233379.0
5,Maharashtra,Palghar,2148514.0,63.91,1373162.0
5,Maharashtra,Thane,2507372.0,52.09,1306194.0
5,Odisha,Aska,1620974.0,62.67,1015883.0
5,Odisha,Bargarh,1631974.0,79.78,1302069.0
5,Odisha,Bolangir,1801744.0,77.52,1396719.0
5,Odisha,Kandhamal,1339090.0,74.16,993091.0
5,Odisha,Sundargarh,1576105.0,73.02,1150875.0
5,Uttar Pradesh,Amethi,1796098.0,54.34,976053.0
5,Uttar Pradesh,Banda,1747425.0,59.7,1043256.0
5,Uttar Pradesh,Barabanki,1918491.0,67.2,1289258.0
5,Uttar Pradesh,Faizabad,1927459.0,59.14,1139882.0
5,Uttar Pradesh,Fatehpur,1938563.0,57.09,1106690.0
5,Uttar Pradesh,Gonda,1843121.0,51.62,951394.0
5,Uttar Pradesh,Hamirpur,1839761.0,60.6,1114874.0
5,Uttar Pradesh,Jalaun,2006161.0,56.18,1127112.0
5,Uttar Pradesh,Jhansi,2161221.0,63.86,1380214.0
5,Uttar Pradesh,Kaiserganj,1904726.0,55.68,1060576.0
5,Uttar Pradesh,Kaushambi,1909620.0,52.8,1008255.0
5,Uttar Pradesh,Lucknow,2172171.0,52.28,1135624.0
5,Uttar Pradesh,Mohanlalganj,2187232.0,62.88,1375372.0
5,Uttar Pradesh,Rae Bareli,1784314.0,58.12,1036997.0
5,West Bengal,Arambagh,1883266.0,82.62,1555882.0
5,West Bengal,Bangaon,1836374.0,81.04,1488209.0
5,West Bengal,Barrackpur,1508728.0,75.41,1137763.0
5,West Bengal,Hooghly,1858067.0,81.38,1512060.0
5,West Bengal,Howrah,1769184.0,71.73,1269079.0
5,West Bengal,Srerampur,1926645.0,76.44,1472793.0
5,West Bengal,Uluberia,1741438.0,79.78,1389316.0
6,Bihar,Gopalganj,2024673.0,52.32,1059298.0
6,Bihar,Maharajganj,1934937.0,52.27,1011421.0
6,Bihar,Paschim Champaran,1756078.0,61.62,1082178.0
6,Bihar,Purvi Champaran,1790761.0,59.68,1068642.0
6,Bihar,Sheohar,1832745.0,57.4,1052021.0
6,Bihar,Siwan,1896512.0,52.49,995416.0
6,Bihar,Vaishali,1869178.0,62.59,1170009.0
6,Bihar,Valmiki Nagar,1827281.0,60.19,1099781.0
6,Haryana,AMBALA,1996708.0,67.34,1344503.0
6,Haryana,BHIWANI- MAHENDRAGARH,1793029.0,65.39,1172526.0
6,Haryana,FARIDABAD,2430212.0,60.52,1470649.0
6,Haryana,GURGAON,2573411.0,62.03,1596240.0
6,Haryana,HISAR,1790722.0,65.27,1168784.0
6,Haryana,KARNAL,2104229.0,63.74,1341174.0
6,Haryana,KURUKSHETRA,1794300.0,67.01,1202401.0
6,Haryana,ROHTAK,1889844.0,65.68,1241201.0
6,Haryana,SIRSA,1937689.0,69.77,1351932.0
6,Haryana,SONIPAT,1766624.0,63.44,1120791.0
6,Jammu and Kashmir,ANANTNAG-RAJOURI,1836576.0,55.4,1017451.0
6,Jharkhand,Dhanbad,2285237.0,62.06,1418264.0
6,Jharkhand,Giridih,1864660.0,67.23,1253553.0
6,Jharkhand,Jamshedpur,1869278.0,67.68,1265169.0
6,Jharkhand,Ranchi,2197331.0,65.36,1436127.0
6,NCT OF Delhi,Chandni Chowk,1645958.0,58.6,964503.0
6,NCT OF Delhi,East Delhi,2120584.0,59.51,1261988.0
6,NCT OF Delhi,New Delhi,1525071.0,55.43,845285.0
6,NCT OF Delhi,North-East Delhi,2463159.0,62.89,1549202.0
6,NCT OF Delhi,North-West Delhi,2567423.0,57.85,1485378.0
6,NCT OF Delhi,South Delhi,2291764.0,56.45,1293598.0
6,NCT OF Delhi,West  Delhi,2587977.0,58.79,1521541.0
6,Odisha,Bhubaneswar,1672774.0,64.49,1078810.0
6,Odisha,Cuttack,1571622.0,71.2,1118918.0
6,Odisha,Dhenkanal,1529785.0,78.01,1193460.0
6,Odisha,Keonjhar,1588179.0,78.97,1254163.0
6,Odisha,Puri,1586465.0,75.43,1196684.0
6,Odisha,Sambalpur,1499728.0,79.5,1192226.0
6,Uttar Pradesh,Allahabad,1825730.0,51.82,946076.0
6,Uttar Pradesh,Ambedkar Nagar,1911297.0,61.58,1176920.0
6,Uttar Pradesh,Azamgarh,1868165.0,56.16,1049205.0
6,Uttar Pradesh,Basti,1902898.0,56.67,1078313.0
6,Uttar Pradesh,Bhadohi,2037925.0,53.07,1081465.0
6,Uttar Pradesh,Domariyaganj,1961845.0,51.97,1019548.0
6,Uttar Pradesh,Jaunpur,1977237.0,55.59,1099223.0
6,Uttar Pradesh,Lalganj,1838882.0,54.38,1000053.0
6,Uttar Pradesh,Machhlishahr,1940605.0,54.49,1057361.0
6,Uttar Pradesh,Phulpur,2067043.0,48.91,1010909.0
6,Uttar Pradesh,Pratapgarh,1833312.0,51.45,943245.0
6,Uttar Pradesh,Sant Kabir  Nagar,2071964.0,52.57,1089154.0
6,Uttar Pradesh,Shrawasti,1980381.0,52.83,1046253.0
6,Uttar Pradesh,Sultanpur,1852590.0,55.63,1030583.0
6,West  Bengal,Bankura,1780580.0,80.75,1437826.0
6,West  Bengal,Bishnupur,1754268.0,85.91,1507040.0
6,West  Bengal,Ghatal,1939945.0,82.17,1593990.0
6,West  Bengal,Jhargram,1779794.0,83.47,1485591.0
6,West  Bengal,Kanthi,1794537.0,84.77,1521159.0
6,West  Bengal,Medinipur,1811243.0,81.56,1477309.0
6,West  Bengal,Purulia,1823120.0,78.39,1429190.0
6,West  Bengal,Tamluk,1850741.0,84.79,1569233.0
7,Bihar,Arrah,2165574.0,50.27,1088685.0
7,Bihar,Buxar,1923164.0,55.39,1065290.0
7,Bihar,Jahanabad,1670327.0,55.09,920114.0
7,Bihar,Karakat,1881191.0,54.68,1028641.0
7,Bihar,Nalanda,2288240.0,49.78,1139006.0
7,Bihar,Patliputra,2073685.0,59.24,1228549.0
7,Bihar,Patna Sahib,2292045.0,46.85,1073847.0
7,Bihar,Sasaram,1910368.0,57.16,1091993.0
7,Chandigarh,Chandigarh,659805.0,67.98,448547.0
7,Himachal Pradesh,HAMIRPUR,1432636.0,71.56,1025237.0
7,Himachal Pradesh,KANGRA,1502514.0,67.89,1020026.0
7,Himachal Pradesh,MANDI,1364060.0,73.15,997833.0
7,Himachal Pradesh,SHIMLA,1346369.0,71.26,959445.0
7,Jharkhand,Dumka,1591061.0,73.87,1175294.0
7,Jharkhand,Godda,2028154.0,68.63,1391960.0
7,Jharkhand,Rajmahal,1704671.0,70.78,1206577.0
7,Odisha,Balasore,1608014.0,76.77,1234427.0
7,Odisha,Bhadrak,1770915.0,73.23,1296802.0
7,Odisha,Jagatsinghpur,1700814.0,75.48,1283700.0
7,Odisha,Jajpur,1545664.0,74.47,1151038.0
7,Odisha,Kendrapara,1792723.0,71.22,1276773.0
7,Odisha,Mayurbhanj,1542927.0,75.79,1169335.0
7,Punjab,Amritsar,1611263.0,56.06,903206.0
7,Punjab,Anandpur Sahib,1732211.0,61.98,1073572.0
7,Punjab,Bathinda,1651188.0,69.36,1145241.0
7,Punjab,Faridkot,1594033.0,63.34,1009637.0
7,Punjab,Fatehgarh Sahib,1552567.0,62.53,970783.0
7,Punjab,Firozpur,1670008.0,67.02,1119167.0
7,Punjab,Gurdaspur,1605204.0,66.67,1070267.0
7,Punjab,Hoshiarpur,1601826.0,58.86,942766.0
7,Punjab,Jalandhar,1654005.0,59.7,987508.0
7,Punjab,Khadoor Sahib,1667797.0,62.55,1043248.0
7,Punjab,Ludhiana,1758614.0,60.12,1057274.0
7,Punjab,Patiala,1806424.0,63.63,1149417.0
7,Punjab,Sangrur,1556601.0,64.63,1006048.0
7,Uttar Pradesh,Ballia,1923645.0,52.05,1001317.0
7,Uttar Pradesh,Bansgaon,1820854.0,51.79,943007.0
7,Uttar Pradesh,Chandauli,1843196.0,60.58,1116673.0
7,Uttar Pradesh,Deoria,1873821.0,55.51,1040178.0
7,Uttar Pradesh,Ghazipur,2074883.0,55.45,1150496.0
7,Uttar Pradesh,Ghosi,2083928.0,55.05,1147213.0
7,Uttar Pradesh,Gorakhpur,2097202.0,54.93,1152057.0
7,Uttar Pradesh,Kushi Nagar,1875222.0,57.57,1079573.0
7,Uttar Pradesh,Maharajganj,2004050.0,60.31,1208589.0
7,Uttar Pradesh,Mirzapur,1906327.0,57.92,1104186.0
7,Uttar Pradesh,Robertsganj,1779189.0,56.78,1010277.0
7,Uttar Pradesh,Salempur,1776982.0,51.38,913009.0
7,Uttar Pradesh,Varanasi,1997578.0,56.49,1128527.0
7,West Bengal,Barasat,1905400.0,80.17,1527620.0
7,West Bengal,Basirhat,1804261.0,84.31,1521154.0
7,West Bengal,Diamond harbour,1880779.0,81.04,1524138.0
7,West Bengal,Dum dum,1699656.0,73.81,1254452.0
7,West Bengal,Jadavpur,2033525.0,76.68,1559330.0
7,West Bengal,Joynagar,1844780.0,80.08,1477298.0
7,West Bengal,Kolkata Dakshin,1849520.0,66.95,1238256.0
7,West Bengal,Kolkata Uttar,1505356.0,63.59,957319.0
7,West Bengal,Mathurapur,1817068.0,82.02,1490299.0
