Constituency_Name,State,EVM Votes Counted,EVM Votes Polled,Difference,Margin
Adilabad,Telangana,1219982,1221553,-1571,90652.0
Agra,Uttar Pradesh,1119183,1120864,-1681,271294.0
Ahmedabad East,Gujarat,1114791,1115317,-526,461755.0
Ahmedabad West,Gujarat,957571,957573,-2,286437.0
Ahmednagar,Maharashtra,1320318,1320168,150,28929.0
AJMER,Rajasthan,1190576,1190561,15,329991.0
Akbarpur,Uttar Pradesh,1079818,1079978,-160,44345.0
Akola,Maharashtra,1167768,1168366,-598,40626.0
Alappuzha,Kerala,1042798,1050726,-7928,63513.0
Alathur,Kerala,981566,981945,-379,20111.0
Aligarh,Uttar Pradesh,1131155,1137051,-5896,15647.0
Alipurduars,West Bengal,1414597,1414258,339,75447.0
Allahabad,Uttar Pradesh,945146,946076,-930,58795.0
Almora,Uttarakhand,652412,652726,-314,234097.0
ALWAR,Rajasthan,1237473,1237446,27,48282.0
Amalapuram (Sc),Andhra Pradesh,1284957,1284018,939,342196.0
AMBALA,Haryana,1344533,1344503,30,49036.0
Ambedkar Nagar,Uttar Pradesh,1174672,1176920,-2248,137247.0
Amethi,Uttar Pradesh,976679,976053,626,167196.0
Amravati,Maharashtra,1169205,1169121,84,19731.0
Amreli,Gujarat,871373,871373,0,321068.0
Amritsar,Punjab,903326,903206,120,40301.0
Amroha,Uttar Pradesh,1108635,1108579,56,28670.0
Anakapalle,Andhra Pradesh,1306348,1309977,-3629,296530.0
Anand,Gujarat,1156426,1157763,-1337,89939.0
Anandpur Sahib,Punjab,1073709,1073572,137,10846.0
Ananthapur,Andhra Pradesh,1420357,1423108,-2751,188555.0
ANANTNAG-RAJOURI,Jammu & Kashmir,1017520,1017451,69,281794.0
Andaman & NicobarIslands,Andaman & NicobarIslands,201992,202018,-26,24396.0
Aonla,Uttar Pradesh,1086120,1086687,-567,15969.0
ARAKKONAM,Tamil Nadu,1156724,1159441,-2717,306559.0
Araku (ST),Andhra Pradesh,1143013,1145426,-2413,50580.0
Arambagh,West Bengal,1554300,1555882,-1582,6399.0
ARANI,Tamil Nadu,1132317,1133520,-1203,208766.0
Araria,Bihar,1250207,1250261,-54,20094.0
Arrah,Bihar,1088409,1088685,-276,59808.0
Arunachal East,Arunachal Pradesh,310213,312658,-2445,30421.0
Arunachal West,Arunachal Pradesh,379611,380783,-1172,100738.0
Asansol,West Bengal,1296332,1297096,-764,59564.0
Aska,Odisha,1016047,1015883,164,99974.0
Attingal,Kerala,970517,970517,0,684.0
Aurangabad,Maharashtra,1297724,1298227,-503,79111.0
Aurangabad,Bihar,942301,942382,-81,79111.0
Azamgarh,Uttar Pradesh,1048948,1049205,-257,161035.0
Badaun,Uttar Pradesh,1090662,1091697,-1035,34991.0
Bagalkot,Karnataka,1311893,1312319,-426,68399.0
Baghpat,Uttar Pradesh,928628,928392,236,159459.0
Baharaich,Uttar Pradesh,1056179,1055818,361,64227.0
Baharampur,West Bengal,1380981,1382678,-1697,85022.0
BALAGHAT,Madhya Pradesh,1377188,1376207,981,174512.0
Balasore,Odisha,1235600,1234427,1173,147156.0
Ballia,Uttar Pradesh,1001968,1001317,651,43384.0
Balurghat,West Bengal,1233664,1235347,-1683,10386.0
Banaskantha,Gujarat,1365141,1365989,-848,30406.0
Banda,Uttar Pradesh,1042931,1043256,-325,71210.0
Bangalore central,Karnataka,1313862,1315612,-1750,32707.0
Bangalore North,Karnataka,1747729,1750372,-2643,259476.0
Bangalore Rural,Karnataka,1914024,1914030,-6,269647.0
Bangalore South,Karnataka,1245188,1245168,20,277083.0
Bangaon,West Bengal,1487892,1488209,-317,73693.0
Banka,Bihar,1011616,1011513,103,103844.0
Bankura,West Bengal,1437806,1437826,-20,32778.0
Bansgaon,Uttar Pradesh,941708,943007,-1299,3150.0
BANSWARA,Rajasthan,1625747,1625731,16,247054.0
Bapatla (SC),Andhra Pradesh,1282422,1287704,-5282,208031.0
Barabanki,Uttar Pradesh,1288381,1289258,-877,215704.0
Baramati,Maharashtra,1410674,1411621,-947,158333.0
BARAMULLA,Jammu & Kashmir,1026457,1027084,-627,204142.0
Barasat,West Bengal,1527533,1527620,-87,114189.0
Bardhaman-Durgapur,West Bengal,1493984,1494778,-794,137981.0
Bardhaman Purba,West Bengal,1492448,1492453,-5,160572.0
Bardoli,Gujarat,1324475,1327669,-3194,230253.0
Bareilly,Uttar Pradesh,1116465,1116749,-284,34804.0
Bargarh,Odisha,1300266,1302069,-1803,251667.0
BARMER,Rajasthan,1675314,1675276,38,118176.0
Barpeta,Assam,1675229,1676633,-1404,222351.0
Barrackpur,West Bengal,1137819,1137763,56,64438.0
Basirhat,West Bengal,1519128,1521154,-2026,333547.0
BASTAR,Chhattisgarh,1004596,1005392,-796,55245.0
Basti,Uttar Pradesh,1077422,1078313,-891,100994.0
Bathinda,Punjab,1145264,1145241,23,49656.0
Beed,Maharashtra,1518614,1519526,-912,6553.0
Begusarai,Bihar,1288395,1289076,-681,81480.0
Belgaum,Karnataka,1375285,1375283,2,178437.0
Bellary,Karnataka,1386559,1386553,6,98992.0
Berhampur,Odisha,1038806,1040924,-2118,165476.0
BETUL,Maharashtra,1393686,1393608,78,379761.0
Bhadohi,Uttar Pradesh,1081697,1081465,232,44072.0
Bhadrak,Odisha,1291183,1296802,-5619,91544.0
Bhagalpur,Bihar,1061614,1060982,632,104868.0
Bhandara Gondiya,Maharashtra,1224251,1224928,-677,37380.0
BHARATPUR,Rajasthan,1116850,1116742,108,51983.0
Bharuch,Gujarat,1192000,1191877,123,85696.0
Bhavnagar,Gujarat,1031533,1033629,-2096,455289.0
BHILWARA,Rajasthan,1296244,1296228,16,354606.0
BHIND,Madhya Pradesh,1043084,1044022,-938,64840.0
Bhiwandi,Maharashtra,1249338,1250090,-752,66121.0
BHIWANI- MAHENDRAGARH,Haryana,1171667,1172526,-859,41510.0
Bhongir,Telangana,1388579,1388680,-101,222170.0
BHOPAL,Madhya Pradesh,1494415,1498626,-4211,501499.0
Bhubaneswar,Odisha,1077476,1078810,-1334,35152.0
Bidar,Karnataka,1239406,1239358,48,128875.0
Bijapur,Karnataka,1289986,1290719,-733,77229.0
Bijnor,Uttar Pradesh,1020877,1020947,-70,37508.0
BIKANER,Rajasthan,1108423,1108418,5,55711.0
BILASPUR,Chhattisgarh,1358037,1361871,-3834,164558.0
Birbhum,West Bengal,1521048,1521023,25,197650.0
Bishnupur,West Bengal,1506951,1507040,-89,5567.0
Bolangir,Odisha,1394081,1396719,-2638,132664.0
Bolpur,West Bengal,1520408,1520401,7,327253.0
Bulandshahr,Uttar Pradesh,1049325,1049189,136,275134.0
Buldhana,Maharashtra,1105267,1105761,-494,29479.0
Buxar,Bihar,1066300,1065290,1010,30091.0
Chalakudy,Kerala,942792,942787,5,63754.0
Chamarajanagar,Karnataka,1365929,1366015,-86,188706.0
Chandauli,Uttar Pradesh,1113469,1116673,-3204,21565.0
Chandigarh,Chandigarh,448548,448547,1,2504.0
Chandni Chowk,Delhi,963895,964503,-608,89325.0
Chandrapur,Maharashtra,1238291,1241574,-3283,260406.0
Chatra,Jharkhand,1074449,1076352,-1903,220959.0
CHENNAI CENTRAL,Tamil Nadu,727305,728614,-1309,244689.0
CHENNAI NORTH,Tamil Nadu,899330,899367,-37,339222.0
CHENNAI SOUTH,Tamil Nadu,1095926,1096026,-100,225945.0
Chevella,Telangana,1656178,1657107,-929,172897.0
CHHINDWARA,Madhya Pradesh,1302172,1303001,-829,113618.0
Chhota Udaipur,Gujarat,1258990,1259760,-770,398777.0
CHIDAMBARAM,Tamil Nadu,1158718,1160762,-2044,103554.0
Chikkballapur,Karnataka,1525885,1525718,167,163460.0
Chikkodi,Karnataka,1385725,1385688,37,90834.0
Chitradurga,Karnataka,1360301,1361031,-730,48121.0
Chittoor (SC),Andhra Pradesh,1400022,1406880,-6858,220479.0
CHITTORGARH,Rajasthan,1488902,1488898,4,389877.0
CHURU,Rajasthan,1407789,1407716,73,72737.0
COIMBATORE,Tamil Nadu,1366177,1366597,-420,118068.0
Coochbehar,West Bengal,1615848,1616079,-231,39250.0
CUDDALORE,Tamil Nadu,1021640,1025298,-3658,185896.0
Cuttack,Odisha,1116941,1118918,-1977,57077.0
Dadar & NagarHaveli,Dadar & Nagar Haveli and Daman & Diu,205257,205248,9,57584.0
Dahod,Gujarat,1112249,1112211,38,333677.0
Dakshina Kannada,Karnataka,1408738,1409653,-915,149208.0
Daman & Diu,Dadar & Nagar Haveli and Daman & Diu,92279,92279,0,6225.0
DAMOH,Madhya Pradesh,1087123,1087455,-332,406426.0
Darbhanga,Bihar,1022134,1021962,172,178156.0
Darjeeling,West Bengal,1319731,1320072,-341,178525.0
Darrang-Udalguri,Assam,1804194,1811764,-7570,329012.0
DAUSA,Rajasthan,1058583,1058386,197,237340.0
Davanagere,Karnataka,1315951,1315916,35,26094.0
Deoria,Uttar Pradesh,1040381,1040178,203,34842.0
DEWAS,Madhya Pradesh,1464796,1464690,106,425225.0
Dhanbad,Jharkhand,1414710,1418264,-3554,331583.0
DHAR,Madhya Pradesh,1422029,1421585,444,218665.0
DHARMAPURI,Tamil Nadu,1238428,1238184,244,21300.0
Dharwad,Karnataka,1362521,1362421,100,97324.0
Dhaurahra,Uttar Pradesh,1109492,1109680,-188,4449.0
Dhenkanal,Odisha,1184033,1193460,-9427,76567.0
Dhubri,Assam,2445683,2450041,-4358,1012476.0
Dhule,Maharashtra,1215525,1217523,-1998,3831.0
Diamond harbour,West Bengal,1524223,1524138,85,710930.0
Dibrugarh,Assam,1273727,1273744,-17,279321.0
DINDIGUL,Tamil Nadu,1143174,1143196,-22,443821.0
Dindori,Maharashtra,1236675,1237180,-505,113199.0
Diphu,Assam,678288,682441,-4153,147603.0
Domariyaganj,Uttar Pradesh,1016183,1019548,-3365,42728.0
Dumdum,West Bengal,1254461,1254452,9,70660.0
Dumka,Jharkhand,1174681,1175294,-613,22527.0
DURG,Chhattisgarh,1539539,1540193,-654,438226.0
East Delhi,Delhi,1261887,1261988,-101,93663.0
Eluru,Andhra Pradesh,1366884,1370153,-3269,181857.0
Ernakulam,Kerala,904102,904131,-29,250385.0
ERODE,Tamil Nadu,1086406,1086287,119,236566.0
Etah,Uttar Pradesh,1007609,1008533,-924,28052.0
Etawah,Uttar Pradesh,1030621,1030554,67,58419.0
Faizabad,Uttar Pradesh,1139094,1139882,-788,54567.0
FARIDABAD,Haryana,1469170,1470649,-1479,172914.0
Faridkot,Punjab,1009711,1009637,74,70053.0
Farrukhabad,Uttar Pradesh,1031784,1032244,-460,2678.0
Fatehgarh Sahib,Punjab,971031,970783,248,34202.0
Fatehpur,Uttar Pradesh,1105472,1106690,-1218,33199.0
Fatehpur Sikri,Uttar Pradesh,1028909,1028791,118,43405.0
Firozabad,Uttar Pradesh,1105210,1106747,-1537,89312.0
Firozpur,Punjab,1117934,1119167,-1233,3242.0
Gadchiroli - Chimur,Maharashtra,1161041,1162476,-1435,141696.0
Gandhinagar,Gujarat,1304840,1305197,-357,744716.0
GANGANAGAR,Rajasthan,1399702,1399688,14,88153.0
Garhwal,Uttarakhand,716561,717834,-1273,163503.0
Gautam BuddhaNagar,Uttar Pradesh,1433370,1434667,-1297,559472.0
Gaya,Bihar,958387,958623,-236,101812.0
Ghatal,West Bengal,1593450,1593990,-540,182868.0
Ghaziabad,Uttar Pradesh,1468608,1469260,-652,336965.0
Ghazipur,Uttar Pradesh,1148952,1150496,-1544,124861.0
Ghosi,Uttar Pradesh,1147461,1147213,248,162943.0
Giridih,Jharkhand,1253005,1253553,-548,80880.0
Godda,Jharkhand,1388559,1391960,-3401,101813.0
Gonda,Uttar Pradesh,951592,951394,198,46224.0
Gopalganj,Bihar,1059393,1059298,95,127180.0
Gorakhpur,Uttar Pradesh,1151384,1152057,-673,103526.0
Gulbarga,Karnataka,1306167,1306119,48,27205.0
GUNA,Madhya Pradesh,1368520,1368554,-34,540929.0
Guntur,Andhra Pradesh,1404061,1411989,-7928,344695.0
Gurdaspur,Punjab,1070254,1070267,-13,82861.0
GURGAON,Haryana,1596251,1596240,11,75079.0
Guwahati,Assam,1594699,1596664,-1965,251090.0
GWALIOR,Madhya Pradesh,1337928,1338708,-780,70210.0
Hajipur,Bihar,1149394,1149406,-12,170105.0
HAMIRPUR,Himachal Pradesh,1022970,1025237,-2267,182357.0
Hamirpur,Uttar Pradesh,1113768,1114874,-1106,182357.0
Hardoi,Uttar Pradesh,1097322,1098820,-1498,27856.0
Haridwar,Uttarakhand,1293233,1293362,-129,164056.0
Hassan,Karnataka,1348013,1348966,-953,42649.0
Hathras,Uttar Pradesh,1079010,1079731,-721,247318.0
Hatkanangale,Maharashtra,1290191,1290073,118,13426.0
Haveri,Karnataka,1390513,1391214,-701,43513.0
Hazaribagh,Jharkhand,1249093,1248798,295,276686.0
Hindupur,Andhra Pradesh,1396687,1403259,-6572,132427.0
Hingoli,Maharashtra,1154970,1154958,12,108602.0
HISAR,Haryana,1168313,1168784,-471,63381.0
Hooghly,West Bengal,1511948,1512060,-112,76853.0
HOSHANGABAD,Madhya Pradesh,1247358,1247298,60,431696.0
Hoshiarpur,Punjab,942810,942766,44,44111.0
Howrah,West Bengal,1268854,1269079,-225,169442.0
Hyderabad,Telangana,1073544,1074827,-1283,338087.0
Idukki,Kerala,831914,831936,-22,133727.0
INDORE,Madhya Pradesh,1558311,1558341,-30,1175092.0
Inner Manipur,Manipur,789912,794790,-4878,109801.0
JABALPUR,Madhya Pradesh,1156434,1156722,-288,486674.0
Jadavpur,West Bengal,1558207,1559330,-1123,258201.0
Jagatsinghpur,Odisha,1280103,1283700,-3597,40696.0
Jahanabad,Bihar,920112,920114,-2,142591.0
JAIPUR,Rajasthan,1449110,1449612,-502,331767.0
JAIPUR RURAL,Rajasthan,1237966,1238818,-852,1615.0
Jajpur,Odisha,1151847,1151038,809,481094.0
Jalandhar,Punjab,987602,987508,94,175993.0
Jalaun,Uttar Pradesh,1126966,1127112,-146,53898.0
Jalgaon,Madhya Pradesh,1165216,1165968,-752,251594.0
Jalna,Maharashtra,1357971,1361226,-3255,109958.0
JALORE,Rajasthan,1444896,1444866,30,201543.0
Jalpaiguri,West Bengal,1571995,1577828,-5833,86693.0
JAMMU,Jammu & Kashmir,1285944,1286144,-200,135498.0
Jamnagar,Gujarat,1047992,1048410,-418,238008.0
Jamshedpur,Jharkhand,1264240,1265169,-929,259782.0
Jamui,Bihar,977338,977369,-31,112482.0
Jangipur,West Bengal,1366962,1367014,-52,116637.0
JANJGIR-CHAMPA,Chhattisgarh,1387196,1389012,-1816,60000.0
Jaunpur,Uttar Pradesh,1096957,1099223,-2266,99335.0
JHALAWAR-BARAN,Rajasthan,1415552,1415420,132,370989.0
Jhanjharpur,Bihar,1091394,1091258,136,184169.0
Jhansi,Uttar Pradesh,1378807,1380214,-1407,102614.0
Jhargram,West Bengal,1483802,1485591,-1789,174048.0
JHUNJHUNU,Rajasthan,1094908,1094900,8,18235.0
JODHPUR,Rajasthan,1370371,1370616,-245,115677.0
Jorhat,Assam,1377003,1379749,-2746,144393.0
Joynagar,West Bengal,1477368,1477298,70,470219.0
Junagadh,Gujarat,1057454,1057462,-8,135494.0
Kachchh,Gujarat,1090881,1090878,3,268782.0
Kadapa,Andhra Pradesh,1300147,1304256,-4109,62695.0
Kairana,Uttar Pradesh,1075537,1075839,-302,69116.0
Kaiserganj,Uttar Pradesh,1060767,1060576,191,148843.0
Kakinada,Andhra Pradesh,1312770,1312255,515,229491.0
Kalahandi,Odisha,1322799,1324936,-2137,133813.0
KALLAKURICHI,Tamil Nadu,1242562,1242597,-35,53784.0
Kalyan,Maharashtra,1042476,1043610,-1134,209144.0
KANCHEEPURAM,Tamil Nadu,1253129,1253582,-453,221473.0
Kandhamal,Odisha,990520,993091,-2571,21371.0
KANGRA,Himachal Pradesh,1019345,1020026,-681,251895.0
KANKER,Chhattisgarh,1260153,1261103,-950,1884.0
Kannauj,Uttar Pradesh,1214285,1214886,-601,170922.0
KANNIYAKUMARI,Tamil Nadu,1016841,1019532,-2691,179907.0
Kannur,Kerala,1048785,1048839,-54,108982.0
Kanpur,Uttar Pradesh,882042,882074,-32,20968.0
Kanthi,West Bengal,1519392,1521159,-1767,47764.0
Karakat,Bihar,1027665,1028641,-976,105858.0
KARAULI-DHOLPUR,Rajasthan,979010,979618,-608,98945.0
Karimganj,Assam,1140349,1136538,3811,18360.0
Karimnagar,Telangana,1302447,1303690,-1243,225209.0
KARNAL,Haryana,1341197,1341174,23,232577.0
KARUR,Tamil Nadu,1125359,1125241,118,166816.0
Kasaragod,Kerala,1103719,1104331,-612,100649.0
Katihar,Bihar,1168194,1168752,-558,49863.0
Kaushambi,Uttar Pradesh,1007927,1008255,-328,103944.0
Kaziranga,Assam,1623167,1626408,-3241,248947.0
Kendrapara,Odisha,1272561,1276773,-4212,66536.0
Keonjhar,Odisha,1252761,1254163,-1402,97042.0
Khadoor Sahib,Punjab,1042796,1043248,-452,197120.0
Khagaria,Bihar,1058612,1058539,73,161131.0
KHAJURAHO,Madhya Pradesh,1138109,1137867,242,541229.0
Khammam,Telangana,1240582,1241135,-553,467847.0
KHANDWA,Madhya Pradesh,1509810,1510588,-778,269971.0
KHARGONE,Madhya Pradesh,1555958,1555585,373,135018.0
Kheda,Gujarat,1164397,1166619,-2222,357758.0
Kheri,Uttar Pradesh,1209810,1209621,189,34329.0
Khunti,Jharkhand,924725,927422,-2697,149675.0
Kishanganj,Bihar,1150070,1149988,82,59692.0
Kodarma,Jharkhand,1360792,1363010,-2218,377014.0
Kokrajhar,Assam,1229546,1240306,-10760,51583.0
Kolar,Karnataka,1351321,1351646,-325,71388.0
Kolhapur,Maharashtra,1386232,1386230,2,154964.0
Kolkata Dakshin,West Bengal,1238425,1238256,169,187231.0
Kolkata Uttar,West Bengal,955466,957319,-1853,92560.0
Kollam,Kerala,902539,904047,-1508,150302.0
Koppal,Karnataka,1324940,1324898,42,46357.0
Koraput,Odisha,1144023,1148182,-4159,147744.0
KORBA,Chhattisgarh,1222833,1224268,-1435,43283.0
KOTA,Rajasthan,1487901,1487879,22,41974.0
Kottayam,Kerala,822566,823237,-671,87266.0
Kozhikode,Kerala,1078637,1079683,-1046,146176.0
KRISHNAGIRI,Tamil Nadu,1160887,1160498,389,192486.0
Krishnanagar,West Bengal,1415842,1415859,-17,56705.0
Kurnoolu,Andhra Pradesh,1316682,1323071,-6389,111298.0
KURUKSHETRA,Haryana,1202413,1202401,12,29021.0
Kushi Nagar,Uttar Pradesh,1079710,1079573,137,81790.0
Ladakh,Ladhak,132614,132727,-113,27862.0
Lakhimpur,Assam,1203562,1205331,-1769,201257.0
Lakshadweep,Lakshadweep,48630,48630,0,2647.0
Lalganj,Uttar Pradesh,999434,1000053,-619,115023.0
Latur,Maharashtra,1234853,1237355,-2502,61881.0
Lohardaga,Jharkhand,954698,957690,-2992,139138.0
Lucknow,Uttar Pradesh,1133259,1135624,-2365,135159.0
Ludhiana,Punjab,1057219,1057274,-55,20942.0
Machhlishahr,Uttar Pradesh,1056972,1057361,-389,35850.0
Machilipatnam,Andhra Pradesh,1292057,1293935,-1878,223179.0
Madha,Maharashtra,1267125,1267530,-405,120837.0
Madhepura,Bihar,1207499,1207368,131,174534.0
Madhubani,Bihar,1026338,1026408,-70,151945.0
MADURAI,Tamil Nadu,981623,981650,-27,209409.0
Mahabubabad,Telangana,1100480,1101030,-550,349165.0
Maharajganj,Uttar Pradesh,1011462,1011421,41,102651.0
Maharajganj,Bihar,1208722,1208589,133,102651.0
MAHASAMUND,Chhattisgarh,1322134,1322125,9,145456.0
Mahbubnagar,Telangana,1218323,1218587,-264,4500.0
Mahesana,Gujarat,1059316,1059938,-622,328046.0
Mainpuri,Uttar Pradesh,1051023,1051758,-735,221639.0
Malappuram,Kerala,1078038,1079547,-1509,300118.0
Maldaha Dakshin,West Bengal,1364552,1366728,-2176,128368.0
Maldaha Uttar,West Bengal,1413820,1415718,-1898,77708.0
Malkajgiri,Telangana,1915185,1919131,-3946,391475.0
MANDI,Himachal Pradesh,997478,997833,-355,74755.0
MANDLA,Madhya Pradesh,1531950,1530861,1089,103846.0
MANDSOUR,Madhya Pradesh,1428345,1428623,-278,500655.0
Mandya,Karnataka,1453087,1453060,27,284620.0
Mathura,Uttar Pradesh,953522,953388,134,293407.0
Mathurapur,West Bengal,1490330,1490299,31,201057.0
Maval,Maharashtra,1417866,1418439,-573,96615.0
Mavelikkara,Kerala,878986,878360,626,10868.0
MAYILADUTHURAI,Tamil Nadu,1083416,1083243,173,271183.0
Mayurbhanj,Odisha,1165669,1169335,-3666,219334.0
Medak,Telangana,1372896,1372894,2,39139.0
Medinipur,West Bengal,1474654,1477309,-2655,27191.0
Meerut,Uttar Pradesh,1179112,1179121,-9,10585.0
Mirzapur,Uttar Pradesh,1103900,1104186,-286,37810.0
Misrikh,Uttar Pradesh,1049151,1049630,-479,33406.0
MIZORAM,Mizoram,486889,487013,-124,68288.0
Mohanlalganj,Uttar Pradesh,1374478,1375372,-894,70292.0
Moradabad,Uttar Pradesh,1280819,1280706,113,105762.0
MORENA,Madhya Pradesh,1183586,1183282,304,52530.0
Mumbai North,Maharashtra,1032503,1033241,-738,357608.0
Mumbai North Central,Maharashtra,907229,906530,699,16514.0
Mumbai North East,Maharashtra,922256,922760,-504,29861.0
Mumbai North West,Maharashtra,951582,951580,2,48.0
Mumbai South,Maharashtra,769223,769010,213,52673.0
Mumbai South Central,Maharashtra,790338,790339,-1,53384.0
Munger,Bihar,1134550,1134548,2,80870.0
Murshidabad,West Bengal,1539216,1539112,104,164215.0
Muzaffarnagar,Uttar Pradesh,1075007,1074608,399,24672.0
Muzaffarpur,Bihar,1110095,1109688,407,234927.0
Mysore,Karnataka,1476661,1477576,-915,139262.0
Nabarangpur,Odisha,1236661,1243957,-7296,87536.0
Nagaland,Nagaland,757154,760507,-3353,50984.0
Nagaon,Assam,1544126,1544081,45,212231.0
NAGAPATTINAM,Tamil Nadu,968049,967694,355,208957.0
Nagarkurnool,Telangana,1205275,1207470,-2195,94414.0
NAGAUR,Rajasthan,1227911,1228494,-583,42225.0
Nagina,Uttar Pradesh,998870,999203,-333,151473.0
Nagpur,Maharashtra,1207455,1207738,-283,137603.0
Nainital-Udhamsingh Nagar,Uttarakhand,1255964,1259180,-3216,334548.0
Nalgonda,Telangana,1277136,1277137,-1,559905.0
NAMAKKAL,Tamil Nadu,1136116,1136069,47,29112.0
Nanded,Maharashtra,1123660,1128564,-4904,59442.0
Nandurbar,Maharashtra,1391396,1392635,-1239,159120.0
Nandyal,Andhra Pradesh,1385007,1387367,-2360,111975.0
Narsapuram,Andhra Pradesh,1217351,1216550,801,276802.0
Narsaraopet,Andhra Pradesh,1482913,1485909,-2996,159729.0
Nashik,Maharashtra,1233252,1233379,-127,162001.0
Navsari,Gujarat,1326543,1326542,1,773551.0
Nawada,Bihar,864900,866102,-1202,67670.0
Nellore,Andhra Pradesh,1352418,1353563,-1145,245902.0
New Delhi,Delhi,844889,845285,-396,78370.0
NILGIRIS,Tamil Nadu,1013616,1013410,206,240585.0
Nizamabad,Telangana,1226215,1226133,82,109241.0
North-East Delhi,Delhi,1548476,1549202,-726,138778.0
North Goa,Goa,451054,451042,12,116015.0
North-West Delhi,Delhi,1482638,1485378,-2740,290849.0
Ongole,Andhra Pradesh,1401174,1399707,1467,50199.0
Osmanabad,Maharashtra,1273099,1272969,130,329846.0
Outer Manipur,Manipur,791243,793425,-2182,85418.0
Palakkad,Kerala,1027240,1028627,-1387,75283.0
Palamau,Jharkhand,1373737,1374358,-621,288807.0
Palghar,Maharashtra,1373159,1373162,-3,183306.0
PALI,Rajasthan,1340018,1339989,29,245351.0
Panchmahal,Gujarat,1116210,1116171,39,509342.0
Parbhani,Maharashtra,1321999,1321868,131,134061.0
Paschim Champaran,Bihar,1082170,1082178,-8,136568.0
Patan,Gujarat,1181373,1182950,-1577,31876.0
Pathanamthitta,Kerala,905748,906051,-303,66119.0
Patiala,Punjab,1149065,1149417,-352,14831.0
Patliputra,Bihar,1227339,1228549,-1210,85174.0
Patna Sahib,Bihar,1073762,1073847,-85,153846.0
Peddapalle,Telangana,1082815,1083467,-652,131364.0
PERAMBALUR,Tamil Nadu,1119859,1119881,-22,389107.0
Phulpur,Uttar Pradesh,1011627,1010909,718,4332.0
Pilibhit,Uttar Pradesh,1155967,1155917,50,164935.0
POLLACHI,Tamil Nadu,1120439,1124743,-4304,252042.0
Ponnani,Kerala,1019932,1019889,43,235760.0
Porbandar,Gujarat,916558,916519,39,383360.0
Pratapgarh,Uttar Pradesh,943304,943245,59,66206.0
PUDUCHERRY,PUDUCHERRY,804489,807724,-3235,136516.0
Pune,Maharashtra,1103671,1103678,-7,123038.0
Puri,Odisha,1191034,1196684,-5650,104709.0
Purnia,Bihar,1194607,1194484,123,23847.0
Purulia,West Bengal,1428596,1429190,-594,17079.0
Purvi Champaran,Bihar,1069091,1068642,449,88287.0
Rae Bareli,Uttar Pradesh,1036644,1036997,-353,390030.0
Raichur,Karnataka,1295636,1299806,-4170,79781.0
Raigad,Maharashtra,1008505,1009567,-1062,82784.0
Raiganj,West Bengal,1363996,1363854,142,68197.0
RAIGARH,Chhattisgarh,1449708,1449673,35,240391.0
RAIPUR,Chhattisgarh,1582240,1587116,-4876,575285.0
Rajahmundry,Andhra Pradesh,1311751,1313630,-1879,239139.0
Rajampet,Andhra Pradesh,1314182,1317448,-3266,76071.0
RAJGARH,Madhya Pradesh,1424176,1425911,-1735,146089.0
Rajkot,Gujarat,1260778,1260768,10,484260.0
Rajmahal,Jharkhand,1206675,1206577,98,178264.0
RAJNANDGAON,Chhattisgarh,1444139,1446247,-2108,44411.0
RAJSAMAND,Rajasthan,1203306,1203299,7,392223.0
RAMANATHAPURAM,Tamil Nadu,1102130,1103036,-906,166782.0
Rampur,Uttar Pradesh,966744,967200,-456,87434.0
Ramtek,Maharashtra,1249961,1250190,-229,76768.0
Ranaghat,West Bengal,1531996,1532304,-308,186899.0
Ranchi,Jharkhand,1432859,1436127,-3268,120512.0
RATLAM,Madhya Pradesh,1528176,1527828,348,207232.0
Ratnagiri- Sindhudurg,Maharashtra,906206,907618,-1412,47858.0
Raver,Maharashtra,1169365,1170944,-1579,272183.0
REWA,Madhya Pradesh,914978,915444,-466,193374.0
Robertsganj,Uttar Pradesh,1008459,1010277,-1818,129234.0
ROHTAK,Haryana,1239652,1241201,-1549,345298.0
Sabarkantha,Gujarat,1256286,1256210,76,155682.0
SAGAR,Madhya Pradesh,1147932,1147866,66,471222.0
Saharanpur,Uttar Pradesh,1227175,1227083,92,64542.0
SALEM,Tamil Nadu,1295702,1296481,-779,70357.0
Salempur,Uttar Pradesh,913701,913009,692,3573.0
Samastipur,Bihar,1092821,1093182,-361,187251.0
Sambalpur,Odisha,1190616,1192226,-1610,119836.0
Sambhal,Uttar Pradesh,1193721,1194209,-488,121494.0
Sangli,Maharashtra,1163363,1163353,10,100053.0
Sangrur,Punjab,1005403,1006048,-645,172560.0
Sant Kabir Nagar,Uttar Pradesh,1088750,1089154,-404,92170.0
Saran,Bihar,1018494,1018366,128,13661.0
Sasaram,Bihar,1092158,1091993,165,19157.0
Satara,Maharashtra,1193487,1193492,-5,32771.0
SATNA,Madhya Pradesh,1056421,1056175,246,84949.0
Secunderabad,Telangana,1039041,1039834,-793,49944.0
SHAHDOL,Madhya Pradesh,1149082,1149506,-424,397340.0
Shahjahanpur,Uttar Pradesh,1243585,1244364,-779,55379.0
Sheohar,Bihar,1052505,1052021,484,29143.0
Shillong,Meghalaya,1033451,1033251,200,371910.0
SHIMLA,Himachal Pradesh,958978,959445,-467,91451.0
Shimoga,Karnataka,1372668,1372949,-281,243715.0
Shirdi,Maharashtra,1057328,1057298,30,50529.0
Shirur,Maharashtra,1372797,1375593,-2796,140951.0
Shrawasti,Uttar Pradesh,1046002,1046253,-251,76673.0
SIDHI,Madhya Pradesh,1145388,1146150,-762,206416.0
SIKAR,Rajasthan,1274311,1274270,41,72896.0
Sikkim,Sikkim,368869,370765,-1896,80830.0
Silchar,Assam,1082612,1082616,-4,264311.0
Singhbhum,Jharkhand,999884,1003482,-3598,168402.0
SIRSA,Haryana,1351949,1351932,17,268497.0
Sitamarhi,Bihar,1091836,1094885,-3049,51356.0
Sitapur,Uttar Pradesh,1100826,1100741,85,89641.0
SIVAGANGA,Tamil Nadu,1048358,1049887,-1529,205664.0
Siwan,Bihar,995506,995416,90,92857.0
Solapur,Maharashtra,1201261,1201586,-325,74197.0
SONIPAT,Haryana,1119190,1120791,-1601,21816.0
Sonitpur,Assam,1281074,1281959,-885,361408.0
South Delhi,Delhi,1293476,1293598,-122,124333.0
South Goa,Goa,445924,445916,8,13535.0
Srerampur,West Bengal,1471838,1472793,-955,174830.0
Srikakulam,Andhra Pradesh,1208912,1214128,-5216,327901.0
SRINAGAR,Jammu & Kashmir,671933,672653,-720,188416.0
SRIPERUMBUDUR,Tamil Nadu,1435381,1435243,138,487029.0
Sultanpur,Uttar Pradesh,1030179,1030583,-404,43174.0
Sundargarh,Odisha,1148968,1150875,-1907,138808.0
Supaul,Bihar,1225026,1224821,205,169803.0
Surat,Gujarat,0,0,0,
Surendranagar,Gujarat,1120179,1120128,51,261617.0
SURGUJA,Chhattisgarh,1453064,1453444,-380,64822.0
Tamluk,West Bengal,1568214,1569233,-1019,77733.0
Tehri Garhwal,Uttarakhand,846803,848186,-1383,272493.0
TENKASI,Tamil Nadu,1031307,1031961,-654,196199.0
Thane,Maharashtra,1304427,1306194,-1767,217011.0
THANJAVUR,Tamil Nadu,1022796,1024949,-2153,319583.0
THENI,Tamil Nadu,1133569,1133513,56,278825.0
Thirupathi(Sc),Andhra Pradesh,1365358,1368362,-3004,14569.0
Thiruvananthapuram,Kerala,950874,950829,45,16077.0
THOOTHUKKUDI,Tamil Nadu,973066,975468,-2402,392738.0
Thrissur,Kerala,1081181,1081125,56,74686.0
TIKAMGARH,Madhya Pradesh,1096402,1096023,379,403312.0
TIRUCHIRAPPALLI,Tamil Nadu,1048165,1049093,-928,313094.0
TIRUNELVELI,Tamil Nadu,1060656,1060461,195,165620.0
TIRUPPUR,Tamil Nadu,1136443,1135998,445,125928.0
TIRUVALLUR,Tamil Nadu,1413947,1430738,-16791,572155.0
TIRUVANNAMALAI,Tamil Nadu,1137264,1138102,-838,233931.0
TONK-SAWAI MADHOPUR,Rajasthan,1214246,1215309,-1063,64949.0
Tripura East,Tripura,1121664,1122424,-760,486819.0
Tripura West,Tripura,1192487,1192435,52,611578.0
Tumkur,Karnataka,1296730,1296720,10,175594.0
Tura,Meghalaya,670441,672284,-1843,155241.0
UDAIPUR,Rajasthan,1487355,1487268,87,261608.0
UDHAMPUR,Jammu & Kashmir,1106472,1108206,-1734,124373.0
Udupi Chikmagalur,Karnataka,1222939,1222888,51,259175.0
Ujiarpur,Bihar,1040183,1040026,157,60102.0
UJJAIN,Madhya Pradesh,1326071,1327715,-1644,375860.0
Uluberia,West Bengal,1387012,1389316,-2304,218673.0
Unnao,Uttar Pradesh,1298002,1298677,-675,35818.0
Uttara Kannada,Karnataka,1256012,1256027,-15,337428.0
Vadakara,Kerala,1110765,1114950,-4185,114506.0
Vadodara,Gujarat,1200380,1200768,-388,582126.0
Vaishali,Bihar,1169861,1170009,-148,89634.0
Valmiki Nagar,Bihar,1098897,1099781,-884,98675.0
Valsad,Gujarat,1351637,1352413,-776,210704.0
Varanasi,Uttar Pradesh,1127081,1128527,-1446,152513.0
VELLORE,Tamil Nadu,1123625,1123715,-90,215702.0
VIDISHA,Madhya Pradesh,1449038,1449010,28,821408.0
Vijayawada,Andhra Pradesh,1347527,1352495,-4968,282085.0
VILUPPURAM,Tamil Nadu,1145468,1150164,-4696,70703.0
VIRUDHUNAGAR,Tamil Nadu,1053507,1054634,-1127,4379.0
Visakhapatnam,Andhra Pradesh,1366795,1370484,-3689,504247.0
Vizianagaram,Andhra Pradesh,1278710,1284886,-6176,249351.0
Warangal,Telangana,1255435,1256301,-866,220339.0
Wardha,Maharashtra,1090347,1091351,-1004,81648.0
Wayanad,Kerala,1075706,1075921,-215,364422.0
West  Delhi,Delhi,1518075,1521541,-3466,199013.0
Yavatmal- Washim,Maharashtra,1220250,1220189,61,94473.0
Zahirabad,Telangana,1225027,1225049,-22,46188.0
Nalanda,Bihar,1139336,1139006,330,169114.0
Total,,641618937,642138442,-519505,
